查看数据

1.查看一个表中所有列包含的数据
select * from 表名;
以下实例我们将通过 SQL SELECT 命令来获取 MySQL 数据表

--------------操作过程---------------
mysql> select * from runoob_tbl;
+-----------+--------------+---------------+-----------------+
| runoob_id | runoob_title | runoob_author | submission_date |
+-----------+--------------+---------------+-----------------+
|         1 | 学习 PHP     | 菜鸟教程       | 2021-04-03      |
|         2 | 学习 MySQL   | 菜鸟教程       | 2021-04-03      |
|         3 | JAVA 教程    | RUNOOB.COM    | 2016-05-06      |
+-----------+--------------+---------------+-----------------+
3 rows in set (0.00 sec)
--------------操作过程---------------

2.查看部分列包含的数据

我不想看所有列的数据只想看id列和title列的数据
使用以下命令查看
--------------操作过程---------------

mysql> SELECT runoob_id ,runoob_title FROM runoob_tbl;
+-----------+--------------+
| runoob_id | runoob_title |
+-----------+--------------+
|         1 | 学习 PHP     |
|         2 | 学习 MySQL   |
|         3 | JAVA 教程    |
+-----------+--------------+
3 rows in set (0.00 sec)

mysql> 

--------------操作过程---------------

3.查看某些列中所有不重复的值

SQL SELECT DISTINCT 语句
在表中，一个列可能会包含多个重复值，有时我们也许希望仅仅列出不同（distinct）
的值，这是就需要使用SQL SELECT DISTINCT 语句

DISTINCT 关键词用于返回唯一不同的值。

语法
SELECT DISTINCT column_name,column_name
FROM table_name;

这有一个表websites
--------------表格-------------------

+----+--------------+---------------------------+-------+---------+
| id | name         | url                       | alexa | country |
+----+--------------+---------------------------+-------+---------+
|  1 | Google       | https://www.google.cm/    |     1 | USA     |
|  2 | 淘宝         | https://www.taobao.com/   |    13 | CN      |
|  3 | 菜鸟教程     | http://www.runoob.com/    |  4689 | CN      |
|  4 | 微博         | http://weibo.com/         |    20 | CN      |
|  5 | Facebook     | https://www.facebook.com/ |     3 | USA     |
+----+--------------+---------------------------+-------+---------+

--------------表格-------------------
下面的 SQL 语句仅从 "Websites" 表的 "country" 列中选取唯一不同的值，也就
是去掉 "country" 列重复值：

--------------操作过程---------------

mysql> SELECT DISTINCT country FROM websites;
+---------+
| country |
+---------+
| USA     |
| CN      |
+---------+
2 rows in set (0.00 sec)

--------------操作过程---------------